model,type,epsilon,accuracy,time,dataset,problem_type
FederatedLearningClassifier,gradient,16.0,0.37777777777777777,1.2210200627644856,Wine,classification
GaussianNB,integrated,16.0,0.8666666666666667,0.0313410758972168,Wine,classification
LinearSVC,bounded,16.0,0.5555555555555556,0.13977360725402832,Wine,classification
LogisticRegression,bounded,16.0,0.6666666666666666,0.005819876988728841,Wine,classification
LogisticRegression,integrated,16.0,0.8444444444444444,0.00653378168741862,Wine,classification
RandomForestClassifier,bounded,16.0,0.6888888888888889,0.03351322809855143,Wine,classification
FederatedLearningClassifier,gradient,16.0,0.8671328671328671,3.7398366928100586,Cancer,classification
GaussianNB,integrated,16.0,0.7342657342657343,0.06916999816894531,Cancer,classification
LinearSVC,bounded,16.0,0.7202797202797203,0.3000038464864095,Cancer,classification
LogisticRegression,bounded,16.0,0.6853146853146853,0.008260329564412435,Cancer,classification
LogisticRegression,integrated,16.0,0.965034965034965,0.01234587033589681,Cancer,classification
RandomForestClassifier,bounded,16.0,0.6853146853146853,0.07072726885477702,Cancer,classification
FederatedLearningRegressor,gradient,16.0,0.1962423325456271,3.3172343571980796,Housing,regression
LinearRegression,integrated,16.0,0.7142035815376487,0.003922939300537109,Housing,regression
LinearSVR,bounded,16.0,0.2741570437357398,0.10831350088119507,Housing,regression
RandomForestRegressor,bounded,16.0,0.12226101867588458,0.5771340131759644,Housing,regression
SGDRegressor,bounded,16.0,0.007452094478131999,0.0012160301208496093,Housing,regression
FederatedLearningRegressor,gradient,16.0,0.11946420696123837,2.813429594039917,Diabetes,regression
LinearRegression,integrated,16.0,0.43272257888009746,0.0024640560150146484,Diabetes,regression
LinearSVR,bounded,16.0,0.2143183049253019,0.05407071113586426,Diabetes,regression
RandomForestRegressor,bounded,16.0,0.04553988340931858,0.43881458044052124,Diabetes,regression
SGDRegressor,bounded,16.0,0.04981882903660262,0.0009272098541259766,Diabetes,regression
FederatedLearningClassifier,gradient,32.0,0.5555555555555556,1.1624172528584797,Wine,classification
GaussianNB,integrated,32.0,0.8,0.0339047908782959,Wine,classification
LinearSVC,bounded,32.0,0.9555555555555556,0.10175188382466634,Wine,classification
LogisticRegression,bounded,32.0,0.9777777777777777,0.005189259847005208,Wine,classification
LogisticRegression,integrated,32.0,0.9333333333333333,0.00956114133199056,Wine,classification
RandomForestClassifier,bounded,32.0,0.9333333333333333,0.0335082213083903,Wine,classification
FederatedLearningClassifier,gradient,32.0,0.9370629370629371,3.734994570414225,Cancer,classification
GaussianNB,integrated,32.0,0.951048951048951,0.056318044662475586,Cancer,classification
LinearSVC,bounded,32.0,0.8531468531468531,0.288443644841512,Cancer,classification
LogisticRegression,bounded,32.0,0.8041958041958042,0.007571061452229817,Cancer,classification
LogisticRegression,integrated,32.0,0.958041958041958,0.012343327204386393,Cancer,classification
RandomForestClassifier,bounded,32.0,0.916083916083916,0.05937051773071289,Cancer,classification
FederatedLearningRegressor,gradient,32.0,0.30390151691536615,3.2059056758880615,Housing,regression
LinearRegression,integrated,32.0,0.6710011996254903,0.002485036849975586,Housing,regression
LinearSVR,bounded,32.0,0.24979486118067637,0.09854274988174438,Housing,regression
RandomForestRegressor,bounded,32.0,0.09215129961319524,0.612906813621521,Housing,regression
SGDRegressor,bounded,32.0,0.23602876777008208,0.0011086463928222656,Housing,regression
FederatedLearningRegressor,gradient,32.0,0.19921894320473776,2.826289256413778,Diabetes,regression
LinearRegression,integrated,32.0,0.5846198058239913,0.002372264862060547,Diabetes,regression
LinearSVR,bounded,32.0,0.31546822268477026,0.04634976387023926,Diabetes,regression
RandomForestRegressor,bounded,32.0,0.1638919874967406,0.39890265464782715,Diabetes,regression
SGDRegressor,bounded,32.0,0.2613887037974224,0.0009936809539794922,Diabetes,regression
FederatedLearningClassifier,gradient,64.0,0.8222222222222222,1.0465986728668213,Wine,classification
GaussianNB,integrated,64.0,0.9333333333333333,0.029695987701416016,Wine,classification
LinearSVC,bounded,64.0,0.9777777777777777,0.046939690907796226,Wine,classification
LogisticRegression,bounded,64.0,1.0,0.006039539972941081,Wine,classification
LogisticRegression,integrated,64.0,0.9333333333333333,0.012633244196573893,Wine,classification
RandomForestClassifier,bounded,64.0,0.9777777777777777,0.02892152468363444,Wine,classification
FederatedLearningClassifier,gradient,64.0,0.993006993006993,3.5605899492899575,Cancer,classification
GaussianNB,integrated,64.0,0.9440559440559441,0.0572359561920166,Cancer,classification
LinearSVC,bounded,64.0,0.9090909090909091,0.23908162117004395,Cancer,classification
LogisticRegression,bounded,64.0,0.8741258741258742,0.006405194600423177,Cancer,classification
LogisticRegression,integrated,64.0,0.972027972027972,0.012340227762858072,Cancer,classification
RandomForestClassifier,bounded,64.0,0.8811188811188811,0.05678168932596842,Cancer,classification
FederatedLearningRegressor,gradient,64.0,0.41944652112089864,2.9582247734069824,Housing,regression
LinearRegression,integrated,64.0,0.6654509840625518,0.0025031566619873047,Housing,regression
LinearSVR,bounded,64.0,0.5182885778473557,0.09404623508453369,Housing,regression
RandomForestRegressor,bounded,64.0,0.597464544784535,0.5615954995155334,Housing,regression
SGDRegressor,bounded,64.0,0.34850998305668024,0.0009274482727050781,Housing,regression
FederatedLearningRegressor,gradient,64.0,0.2745528023943882,2.580423275629679,Diabetes,regression
LinearRegression,integrated,64.0,0.5223672420830368,0.0022122859954833984,Diabetes,regression
LinearSVR,bounded,64.0,0.4970228588298792,0.03844642639160156,Diabetes,regression
RandomForestRegressor,bounded,64.0,0.5084784472751278,0.3502330183982849,Diabetes,regression
SGDRegressor,bounded,64.0,0.32413804088555764,0.0007641315460205078,Diabetes,regression
FederatedLearningClassifier,gradient,16.0,0.6666666666666666,1.0576813220977783,Wine,classification
GaussianNB,integrated,16.0,0.9111111111111111,0.029841899871826172,Wine,classification
LinearSVC,bounded,16.0,0.5111111111111111,0.1281296412150065,Wine,classification
LogisticRegression,bounded,16.0,0.7777777777777778,0.004627386728922526,Wine,classification
LogisticRegression,integrated,16.0,0.8,0.005732218424479167,Wine,classification
RandomForestClassifier,bounded,16.0,0.6,0.030900955200195312,Wine,classification
FederatedLearningClassifier,gradient,16.0,0.916083916083916,3.6365691820780435,Cancer,classification
GaussianNB,integrated,16.0,0.916083916083916,0.05527091026306152,Cancer,classification
LinearSVC,bounded,16.0,0.5944055944055944,0.2735753854115804,Cancer,classification
LogisticRegression,bounded,16.0,0.5804195804195804,0.006155967712402344,Cancer,classification
LogisticRegression,integrated,16.0,0.9090909090909091,0.008822917938232422,Cancer,classification
RandomForestClassifier,bounded,16.0,0.5734265734265734,0.060841639836629234,Cancer,classification
FederatedLearningRegressor,gradient,16.0,0.35854291976576586,3.19179900487264,Housing,regression
LinearRegression,integrated,16.0,0.5924796445225293,0.002716064453125,Housing,regression
LinearSVR,bounded,16.0,0.06463645156355224,0.10610079765319824,Housing,regression
RandomForestRegressor,bounded,16.0,0.015454761989638577,0.5896051526069641,Housing,regression
SGDRegressor,bounded,16.0,0.22797155858045082,0.0012840747833251954,Housing,regression
FederatedLearningRegressor,gradient,16.0,0.20462639301184082,2.918992360432943,Diabetes,regression
LinearRegression,integrated,16.0,0.5161171579048254,0.0024871826171875,Diabetes,regression
LinearSVR,bounded,16.0,0.1737550565134497,0.05811816453933716,Diabetes,regression
RandomForestRegressor,bounded,16.0,-0.030970660079538522,0.414806604385376,Diabetes,regression
SGDRegressor,bounded,16.0,0.09862712967421194,0.0009419441223144532,Diabetes,regression
FederatedLearningClassifier,gradient,32.0,0.6222222222222222,1.1989695231119792,Wine,classification
GaussianNB,integrated,32.0,0.9333333333333333,0.034095048904418945,Wine,classification
LinearSVC,bounded,32.0,0.8666666666666667,0.09648871421813965,Wine,classification
LogisticRegression,bounded,32.0,0.9555555555555556,0.005084911982218425,Wine,classification
LogisticRegression,integrated,32.0,0.8666666666666667,0.009228785832722982,Wine,classification
RandomForestClassifier,bounded,32.0,0.9111111111111111,0.033069610595703125,Wine,classification
FederatedLearningClassifier,gradient,32.0,0.9440559440559441,3.777583916982015,Cancer,classification
GaussianNB,integrated,32.0,0.958041958041958,0.059558868408203125,Cancer,classification
LinearSVC,bounded,32.0,0.6573426573426573,0.2911848227183024,Cancer,classification
LogisticRegression,bounded,32.0,0.6503496503496503,0.006747325261433919,Cancer,classification
LogisticRegression,integrated,32.0,0.965034965034965,0.012158393859863281,Cancer,classification
RandomForestClassifier,bounded,32.0,0.7762237762237763,0.06656074523925781,Cancer,classification
FederatedLearningRegressor,gradient,32.0,0.3050420727035008,3.3160861333211265,Housing,regression
LinearRegression,integrated,32.0,0.6565979015214558,0.0026900768280029297,Housing,regression
LinearSVR,bounded,32.0,0.24675191671057295,0.1068982481956482,Housing,regression
RandomForestRegressor,bounded,32.0,0.037540340225911906,0.6003260612487793,Housing,regression
SGDRegressor,bounded,32.0,0.2026126293467415,0.001259756088256836,Housing,regression
FederatedLearningRegressor,gradient,32.0,0.24405741194275843,2.8805397351582847,Diabetes,regression
LinearRegression,integrated,32.0,0.496482799836999,0.0023050308227539062,Diabetes,regression
LinearSVR,bounded,32.0,0.3200341307009549,0.04543912410736084,Diabetes,regression
RandomForestRegressor,bounded,32.0,0.09203574830357886,0.39823490381240845,Diabetes,regression
SGDRegressor,bounded,32.0,0.18764133452283316,0.0008975505828857422,Diabetes,regression
FederatedLearningClassifier,gradient,64.0,0.6888888888888889,1.1802039941151936,Wine,classification
GaussianNB,integrated,64.0,0.8,0.031384944915771484,Wine,classification
LinearSVC,bounded,64.0,0.9555555555555556,0.05060935020446777,Wine,classification
LogisticRegression,bounded,64.0,0.9555555555555556,0.005544265111287435,Wine,classification
LogisticRegression,integrated,64.0,0.9555555555555556,0.014007886250813803,Wine,classification
RandomForestClassifier,bounded,64.0,0.9111111111111111,0.03409330050150553,Wine,classification
FederatedLearningClassifier,gradient,64.0,0.9230769230769231,3.7964317003885903,Cancer,classification
GaussianNB,integrated,64.0,0.951048951048951,0.056813955307006836,Cancer,classification
LinearSVC,bounded,64.0,0.8811188811188811,0.26089930534362793,Cancer,classification
LogisticRegression,bounded,64.0,0.8881118881118881,0.006852944691975911,Cancer,classification
LogisticRegression,integrated,64.0,0.958041958041958,0.012409289677937826,Cancer,classification
RandomForestClassifier,bounded,64.0,0.8601398601398601,0.06181025505065918,Cancer,classification
FederatedLearningRegressor,gradient,64.0,0.4697448467255624,3.1770846843719482,Housing,regression
LinearRegression,integrated,64.0,0.7846692075907971,0.0025200843811035156,Housing,regression
LinearSVR,bounded,64.0,0.6314065575356635,0.0952078104019165,Housing,regression
RandomForestRegressor,bounded,64.0,0.628533863134576,0.5319750308990479,Housing,regression
SGDRegressor,bounded,64.0,0.5212415261294426,0.0010582447052001954,Housing,regression
FederatedLearningRegressor,gradient,64.0,0.20305088622515488,2.8735879262288413,Diabetes,regression
LinearRegression,integrated,64.0,0.46434765139837836,0.0022978782653808594,Diabetes,regression
LinearSVR,bounded,64.0,0.3961665874290178,0.039764225482940674,Diabetes,regression
RandomForestRegressor,bounded,64.0,0.4383469283198471,0.38633036613464355,Diabetes,regression
SGDRegressor,bounded,64.0,0.2990969725063499,0.0008348464965820312,Diabetes,regression
FederatedLearningClassifier,gradient,16.0,0.5333333333333333,1.3016360600789387,Wine,classification
GaussianNB,integrated,16.0,0.8222222222222222,0.030600786209106445,Wine,classification
LinearSVC,bounded,16.0,0.4444444444444444,0.13767766952514648,Wine,classification
LogisticRegression,bounded,16.0,0.9555555555555556,0.004959265391031901,Wine,classification
LogisticRegression,integrated,16.0,0.7111111111111111,0.0066115061442057295,Wine,classification
RandomForestClassifier,bounded,16.0,0.5333333333333333,0.03171356519063314,Wine,classification
FederatedLearningClassifier,gradient,16.0,0.9230769230769231,3.9513896306355796,Cancer,classification
GaussianNB,integrated,16.0,0.8881118881118881,0.08140110969543457,Cancer,classification
LinearSVC,bounded,16.0,0.6223776223776224,0.3761555353800456,Cancer,classification
LogisticRegression,bounded,16.0,0.6153846153846154,0.010030984878540039,Cancer,classification
LogisticRegression,integrated,16.0,0.8181818181818182,0.010004997253417969,Cancer,classification
RandomForestClassifier,bounded,16.0,0.6783216783216783,0.09171573321024577,Cancer,classification
FederatedLearningRegressor,gradient,16.0,-0.26004745789275896,3.0991742610931396,Housing,regression
LinearRegression,integrated,16.0,0.5152839438031649,0.0030901432037353516,Housing,regression
LinearSVR,bounded,16.0,0.16646172100941237,0.12541019916534424,Housing,regression
RandomForestRegressor,bounded,16.0,-0.0399944815222284,0.5812351107597351,Housing,regression
SGDRegressor,bounded,16.0,0.1330561188490097,0.001283740997314453,Housing,regression
FederatedLearningRegressor,gradient,16.0,0.22626983688369562,2.7450109322865806,Diabetes,regression
LinearRegression,integrated,16.0,0.44558761344234454,0.0024399757385253906,Diabetes,regression
LinearSVR,bounded,16.0,0.1683501776464571,0.0493769645690918,Diabetes,regression
RandomForestRegressor,bounded,16.0,0.06120999211115408,0.3908342719078064,Diabetes,regression
SGDRegressor,bounded,16.0,0.09982189029870514,0.0007419586181640625,Diabetes,regression
FederatedLearningClassifier,gradient,32.0,0.4888888888888889,1.159042755762736,Wine,classification
GaussianNB,integrated,32.0,0.6666666666666666,0.03289222717285156,Wine,classification
LinearSVC,bounded,32.0,1.0,0.11892207463582356,Wine,classification
LogisticRegression,bounded,32.0,0.8666666666666667,0.005716562271118164,Wine,classification
LogisticRegression,integrated,32.0,0.8888888888888888,0.010050296783447266,Wine,classification
RandomForestClassifier,bounded,32.0,0.9555555555555556,0.03425081570943197,Wine,classification
FederatedLearningClassifier,gradient,32.0,0.9370629370629371,3.7772891521453857,Cancer,classification
GaussianNB,integrated,32.0,0.9230769230769231,0.06322622299194336,Cancer,classification
LinearSVC,bounded,32.0,0.5874125874125874,0.2953866322835286,Cancer,classification
LogisticRegression,bounded,32.0,0.6013986013986014,0.005342721939086914,Cancer,classification
LogisticRegression,integrated,32.0,0.958041958041958,0.011677742004394531,Cancer,classification
RandomForestClassifier,bounded,32.0,0.7692307692307693,0.07307744026184082,Cancer,classification
FederatedLearningRegressor,gradient,32.0,0.2506460640686592,3.2055660088857016,Housing,regression
LinearRegression,integrated,32.0,0.653111720220141,0.003011941909790039,Housing,regression
LinearSVR,bounded,32.0,0.4393134145823575,0.096779465675354,Housing,regression
RandomForestRegressor,bounded,32.0,0.07090563557915708,0.5755244493484497,Housing,regression
SGDRegressor,bounded,32.0,0.16701512678151553,0.0009552001953125,Housing,regression
FederatedLearningRegressor,gradient,32.0,0.21407171532480174,2.9825453758239746,Diabetes,regression
LinearRegression,integrated,32.0,0.5821822351058811,0.0022721290588378906,Diabetes,regression
LinearSVR,bounded,32.0,0.40050097847550425,0.04360175132751465,Diabetes,regression
RandomForestRegressor,bounded,32.0,0.1765223142508242,0.40074580907821655,Diabetes,regression
SGDRegressor,bounded,32.0,0.18588908060729784,0.0009351730346679688,Diabetes,regression
FederatedLearningClassifier,gradient,64.0,0.5777777777777777,1.1358768145243328,Wine,classification
GaussianNB,integrated,64.0,0.9555555555555556,0.0314030647277832,Wine,classification
LinearSVC,bounded,64.0,0.9555555555555556,0.053767760594685875,Wine,classification
LogisticRegression,bounded,64.0,0.9333333333333333,0.006433566411336263,Wine,classification
LogisticRegression,integrated,64.0,0.9555555555555556,0.012741883595784506,Wine,classification
RandomForestClassifier,bounded,64.0,0.9333333333333333,0.03126136461893717,Wine,classification
FederatedLearningClassifier,gradient,64.0,0.9230769230769231,3.9066805839538574,Cancer,classification
GaussianNB,integrated,64.0,0.7902097902097902,0.062052011489868164,Cancer,classification
LinearSVC,bounded,64.0,0.8741258741258742,0.24147431055704752,Cancer,classification
LogisticRegression,bounded,64.0,0.8671328671328671,0.005690336227416992,Cancer,classification
LogisticRegression,integrated,64.0,0.9440559440559441,0.017259756724039715,Cancer,classification
RandomForestClassifier,bounded,64.0,0.9020979020979021,0.062348524729410805,Cancer,classification
FederatedLearningRegressor,gradient,64.0,0.3716881621168626,3.2292309602101645,Housing,regression
LinearRegression,integrated,64.0,0.7437675781033601,0.002729177474975586,Housing,regression
LinearSVR,bounded,64.0,0.46247280851118777,0.12665259838104248,Housing,regression
RandomForestRegressor,bounded,64.0,0.5118874073516395,0.5324783325195312,Housing,regression
SGDRegressor,bounded,64.0,0.3944212804682876,0.0013074874877929688,Housing,regression
FederatedLearningRegressor,gradient,64.0,0.3160018954014827,2.7672314643859863,Diabetes,regression
LinearRegression,integrated,64.0,0.3703164073135345,0.0025818347930908203,Diabetes,regression
LinearSVR,bounded,64.0,0.3463912233588019,0.037109196186065674,Diabetes,regression
RandomForestRegressor,bounded,64.0,0.323016690531324,0.37962472438812256,Diabetes,regression
SGDRegressor,bounded,64.0,0.3030424723951636,0.0009342193603515625,Diabetes,regression
FederatedLearningClassifier,gradient,16.0,0.4222222222222222,1.1219257513682048,Wine,classification
GaussianNB,integrated,16.0,0.8,0.032163143157958984,Wine,classification
LinearSVC,bounded,16.0,0.6444444444444445,0.13612802823384604,Wine,classification
LogisticRegression,bounded,16.0,0.7333333333333333,0.004262367884318034,Wine,classification
LogisticRegression,integrated,16.0,0.6888888888888889,0.006101528803507487,Wine,classification
RandomForestClassifier,bounded,16.0,0.4444444444444444,0.03161756197611491,Wine,classification
FederatedLearningClassifier,gradient,16.0,0.951048951048951,3.7124382654825845,Cancer,classification
GaussianNB,integrated,16.0,0.951048951048951,0.06070995330810547,Cancer,classification
LinearSVC,bounded,16.0,0.6083916083916084,0.29137126604715985,Cancer,classification
LogisticRegression,bounded,16.0,0.6153846153846154,0.006072123845418294,Cancer,classification
LogisticRegression,integrated,16.0,0.8951048951048951,0.010311126708984375,Cancer,classification
RandomForestClassifier,bounded,16.0,0.7202797202797203,0.06484921773274739,Cancer,classification
FederatedLearningRegressor,gradient,16.0,0.08612322511352388,3.0776620705922446,Housing,regression
LinearRegression,integrated,16.0,0.6758843566123928,0.002660036087036133,Housing,regression
LinearSVR,bounded,16.0,0.18807956732642117,0.10685288906097412,Housing,regression
RandomForestRegressor,bounded,16.0,0.08979589724797088,0.5528090000152588,Housing,regression
SGDRegressor,bounded,16.0,0.20049566807229377,0.001098966598510742,Housing,regression
FederatedLearningRegressor,gradient,16.0,0.16939717934296072,2.76364533106486,Diabetes,regression
LinearRegression,integrated,16.0,0.46812888020637666,0.002190828323364258,Diabetes,regression
LinearSVR,bounded,16.0,0.039845731344249846,0.05472147464752197,Diabetes,regression
RandomForestRegressor,bounded,16.0,-0.05713827114454251,0.39687806367874146,Diabetes,regression
SGDRegressor,bounded,16.0,0.04576740143811786,0.0007756233215332031,Diabetes,regression
FederatedLearningClassifier,gradient,32.0,0.4222222222222222,1.1438376903533936,Wine,classification
GaussianNB,integrated,32.0,0.8666666666666667,0.032380104064941406,Wine,classification
LinearSVC,bounded,32.0,0.9111111111111111,0.11197066307067871,Wine,classification
LogisticRegression,bounded,32.0,0.9555555555555556,0.004633665084838867,Wine,classification
LogisticRegression,integrated,32.0,0.9555555555555556,0.009521007537841797,Wine,classification
RandomForestClassifier,bounded,32.0,0.8888888888888888,0.03203169504801432,Wine,classification
FederatedLearningClassifier,gradient,32.0,0.965034965034965,3.759591976801554,Cancer,classification
GaussianNB,integrated,32.0,0.7552447552447552,0.05831408500671387,Cancer,classification
LinearSVC,bounded,32.0,0.7412587412587412,0.27305976549784344,Cancer,classification
LogisticRegression,bounded,32.0,0.7202797202797203,0.006196180979410808,Cancer,classification
LogisticRegression,integrated,32.0,0.958041958041958,0.012428045272827148,Cancer,classification
RandomForestClassifier,bounded,32.0,0.9440559440559441,0.05960766474405924,Cancer,classification
FederatedLearningRegressor,gradient,32.0,0.4159555053536448,3.587073008219401,Housing,regression
LinearRegression,integrated,32.0,0.7255273692041534,0.0028879642486572266,Housing,regression
LinearSVR,bounded,32.0,0.2142342346223839,0.09598249197006226,Housing,regression
RandomForestRegressor,bounded,32.0,0.26794053495374826,0.5426380038261414,Housing,regression
SGDRegressor,bounded,32.0,0.19706936603680925,0.0013142108917236328,Housing,regression
FederatedLearningRegressor,gradient,32.0,0.1257256834503757,2.7845473289489746,Diabetes,regression
LinearRegression,integrated,32.0,0.47657944628617244,0.0023272037506103516,Diabetes,regression
LinearSVR,bounded,32.0,0.16212435867793318,0.04551255702972412,Diabetes,regression
RandomForestRegressor,bounded,32.0,-0.017692570793714335,0.40589600801467896,Diabetes,regression
SGDRegressor,bounded,32.0,0.1304171624250241,0.0008070468902587891,Diabetes,regression
FederatedLearningClassifier,gradient,64.0,0.7777777777777778,1.1049447059631348,Wine,classification
GaussianNB,integrated,64.0,0.8888888888888888,0.04726219177246094,Wine,classification
LinearSVC,bounded,64.0,0.9555555555555556,0.05123305320739746,Wine,classification
LogisticRegression,bounded,64.0,0.9555555555555556,0.005378246307373047,Wine,classification
LogisticRegression,integrated,64.0,0.9555555555555556,0.013998985290527344,Wine,classification
RandomForestClassifier,bounded,64.0,0.9555555555555556,0.031048059463500977,Wine,classification
FederatedLearningClassifier,gradient,64.0,0.9370629370629371,3.6388630072275796,Cancer,classification
GaussianNB,integrated,64.0,0.9090909090909091,0.06251788139343262,Cancer,classification
LinearSVC,bounded,64.0,0.916083916083916,0.2432743708292643,Cancer,classification
LogisticRegression,bounded,64.0,0.9020979020979021,0.006297667821248372,Cancer,classification
LogisticRegression,integrated,64.0,0.965034965034965,0.017285585403442383,Cancer,classification
RandomForestClassifier,bounded,64.0,0.916083916083916,0.06261126200358073,Cancer,classification
FederatedLearningRegressor,gradient,64.0,0.2381991331897676,3.1543312867482505,Housing,regression
LinearRegression,integrated,64.0,0.7002428587834597,0.0025000572204589844,Housing,regression
LinearSVR,bounded,64.0,0.42241498341966427,0.08636552095413208,Housing,regression
RandomForestRegressor,bounded,64.0,0.403604947151729,0.5391967296600342,Housing,regression
SGDRegressor,bounded,64.0,0.24593843158892426,0.0009227752685546875,Housing,regression
FederatedLearningRegressor,gradient,64.0,0.27410566452170715,3.06184720993042,Diabetes,regression
LinearRegression,integrated,64.0,0.5317749641792672,0.0030150413513183594,Diabetes,regression
LinearSVR,bounded,64.0,0.41437470821079736,0.04211091995239258,Diabetes,regression
RandomForestRegressor,bounded,64.0,0.39722650691288697,0.4371480345726013,Diabetes,regression
SGDRegressor,bounded,64.0,0.23224966646338144,0.0009069442749023438,Diabetes,regression
FederatedLearningClassifier,gradient,16.0,0.4444444444444444,1.164098819096883,Wine,classification
GaussianNB,integrated,16.0,0.9111111111111111,0.03226017951965332,Wine,classification
LinearSVC,bounded,16.0,0.6666666666666666,0.14563846588134766,Wine,classification
LogisticRegression,bounded,16.0,0.5555555555555556,0.0066071351369222,Wine,classification
LogisticRegression,integrated,16.0,0.8222222222222222,0.007918039957682291,Wine,classification
RandomForestClassifier,bounded,16.0,0.5555555555555556,0.03518120447794596,Wine,classification
FederatedLearningClassifier,gradient,16.0,0.958041958041958,3.6207130750020347,Cancer,classification
GaussianNB,integrated,16.0,0.958041958041958,0.05886387825012207,Cancer,classification
LinearSVC,bounded,16.0,0.6293706293706294,0.28694748878479004,Cancer,classification
LogisticRegression,bounded,16.0,0.6013986013986014,0.00620571772257487,Cancer,classification
LogisticRegression,integrated,16.0,0.9790209790209791,0.009920994440714518,Cancer,classification
RandomForestClassifier,bounded,16.0,0.6013986013986014,0.06490230560302734,Cancer,classification
FederatedLearningRegressor,gradient,16.0,0.13129999948345883,3.195806900660197,Housing,regression
LinearRegression,integrated,16.0,0.5195309927532927,0.0032367706298828125,Housing,regression
LinearSVR,bounded,16.0,0.27952341333692543,0.10142314434051514,Housing,regression
RandomForestRegressor,bounded,16.0,0.11433796663248318,0.6045483946800232,Housing,regression
SGDRegressor,bounded,16.0,0.17839739355525552,0.0010426044464111328,Housing,regression
FederatedLearningRegressor,gradient,16.0,0.26607793607478725,2.8120604356129966,Diabetes,regression
LinearRegression,integrated,16.0,0.605614068561164,0.002232074737548828,Diabetes,regression
LinearSVR,bounded,16.0,0.11738779836328861,0.05899924039840698,Diabetes,regression
RandomForestRegressor,bounded,16.0,0.06974732225241187,0.4128968119621277,Diabetes,regression
SGDRegressor,bounded,16.0,0.05209793812800256,0.0007441997528076172,Diabetes,regression
FederatedLearningClassifier,gradient,32.0,0.3111111111111111,1.1179649035135906,Wine,classification
GaussianNB,integrated,32.0,0.9333333333333333,0.03641700744628906,Wine,classification
LinearSVC,bounded,32.0,0.8888888888888888,0.10039591789245605,Wine,classification
LogisticRegression,bounded,32.0,0.8666666666666667,0.004287004470825195,Wine,classification
LogisticRegression,integrated,32.0,0.9555555555555556,0.00867303212483724,Wine,classification
RandomForestClassifier,bounded,32.0,0.8,0.029555320739746094,Wine,classification
FederatedLearningClassifier,gradient,32.0,0.9090909090909091,3.6828797658284507,Cancer,classification
GaussianNB,integrated,32.0,0.9230769230769231,0.05626964569091797,Cancer,classification
LinearSVC,bounded,32.0,0.6503496503496503,0.2772663434346517,Cancer,classification
LogisticRegression,bounded,32.0,0.6853146853146853,0.005764404932657878,Cancer,classification
LogisticRegression,integrated,32.0,0.965034965034965,0.012800296147664389,Cancer,classification
RandomForestClassifier,bounded,32.0,0.7342657342657343,0.06304287910461426,Cancer,classification
FederatedLearningRegressor,gradient,32.0,0.19640788073593185,3.3090596993764243,Housing,regression
LinearRegression,integrated,32.0,0.681309009611758,0.002414703369140625,Housing,regression
LinearSVR,bounded,32.0,0.27970669671872583,0.09766179323196411,Housing,regression
RandomForestRegressor,bounded,32.0,0.12920039089930635,0.6017932295799255,Housing,regression
SGDRegressor,bounded,32.0,0.21011891547862993,0.0009369373321533204,Housing,regression
FederatedLearningRegressor,gradient,32.0,0.23595653006160255,2.7946510314941406,Diabetes,regression
LinearRegression,integrated,32.0,0.4296855752294091,0.0024559497833251953,Diabetes,regression
LinearSVR,bounded,32.0,0.26042500561366777,0.04639303684234619,Diabetes,regression
RandomForestRegressor,bounded,32.0,0.1319159369977284,0.41534990072250366,Diabetes,regression
SGDRegressor,bounded,32.0,0.15059694296719306,0.000892019271850586,Diabetes,regression
FederatedLearningClassifier,gradient,64.0,0.8444444444444444,1.0863423347473145,Wine,classification
GaussianNB,integrated,64.0,0.8888888888888888,0.029545068740844727,Wine,classification
LinearSVC,bounded,64.0,0.9333333333333333,0.049516916275024414,Wine,classification
LogisticRegression,bounded,64.0,0.9333333333333333,0.004847049713134766,Wine,classification
LogisticRegression,integrated,64.0,0.8888888888888888,0.013251145680745443,Wine,classification
RandomForestClassifier,bounded,64.0,0.9777777777777777,0.03144192695617676,Wine,classification
FederatedLearningClassifier,gradient,64.0,0.965034965034965,3.7022646268208823,Cancer,classification
GaussianNB,integrated,64.0,0.9300699300699301,0.056823015213012695,Cancer,classification
LinearSVC,bounded,64.0,0.8741258741258742,0.26503245035807294,Cancer,classification
LogisticRegression,bounded,64.0,0.9090909090909091,0.006567796071370442,Cancer,classification
LogisticRegression,integrated,64.0,0.965034965034965,0.015459299087524414,Cancer,classification
RandomForestClassifier,bounded,64.0,0.9090909090909091,0.05596621831258138,Cancer,classification
FederatedLearningRegressor,gradient,64.0,0.5523346526211161,3.2551860014597573,Housing,regression
LinearRegression,integrated,64.0,0.758686874796053,0.0024797916412353516,Housing,regression
LinearSVR,bounded,64.0,0.4438374262247645,0.09609663486480713,Housing,regression
RandomForestRegressor,bounded,64.0,0.5302361057991477,0.5565286874771118,Housing,regression
SGDRegressor,bounded,64.0,0.39700974679736356,0.0011549949645996093,Housing,regression
FederatedLearningRegressor,gradient,64.0,0.1670949979954108,2.7225040594736734,Diabetes,regression
LinearRegression,integrated,64.0,0.4247317031082146,0.0023031234741210938,Diabetes,regression
LinearSVR,bounded,64.0,0.36764271037305385,0.03729885816574097,Diabetes,regression
RandomForestRegressor,bounded,64.0,0.30970387252163284,0.3749024271965027,Diabetes,regression
SGDRegressor,bounded,64.0,0.22052645477748367,0.0007878303527832031,Diabetes,regression
FederatedLearningClassifier,gradient,16.0,0.3333333333333333,1.1096773147583008,Wine,classification
GaussianNB,integrated,16.0,0.8888888888888888,0.028990983963012695,Wine,classification
LinearSVC,bounded,16.0,0.7555555555555555,0.1317605972290039,Wine,classification
LogisticRegression,bounded,16.0,0.6,0.005366325378417969,Wine,classification
LogisticRegression,integrated,16.0,0.8444444444444444,0.006247997283935547,Wine,classification
RandomForestClassifier,bounded,16.0,0.6666666666666666,0.029394785563151043,Wine,classification
FederatedLearningClassifier,gradient,16.0,0.8531468531468531,3.719722032546997,Cancer,classification
GaussianNB,integrated,16.0,0.9370629370629371,0.059539794921875,Cancer,classification
LinearSVC,bounded,16.0,0.7132867132867133,0.28164132436116535,Cancer,classification
LogisticRegression,bounded,16.0,0.6083916083916084,0.006578286488850911,Cancer,classification
LogisticRegression,integrated,16.0,0.9300699300699301,0.009255488713582357,Cancer,classification
RandomForestClassifier,bounded,16.0,0.6573426573426573,0.06366825103759766,Cancer,classification
FederatedLearningRegressor,gradient,16.0,0.15384521712434085,3.0854763189951577,Housing,regression
LinearRegression,integrated,16.0,0.6074220232536918,0.002820730209350586,Housing,regression
LinearSVR,bounded,16.0,0.02473745506079672,0.1132655143737793,Housing,regression
RandomForestRegressor,bounded,16.0,0.0057702521897092796,0.5915552973747253,Housing,regression
SGDRegressor,bounded,16.0,0.17841179280368202,0.0012321949005126953,Housing,regression
FederatedLearningRegressor,gradient,16.0,0.10002888747932193,2.8231190045674643,Diabetes,regression
LinearRegression,integrated,16.0,0.4718013180704125,0.00226593017578125,Diabetes,regression
LinearSVR,bounded,16.0,0.17626289174011325,0.05579876899719238,Diabetes,regression
RandomForestRegressor,bounded,16.0,0.14262295677492187,0.4301385283470154,Diabetes,regression
SGDRegressor,bounded,16.0,0.17931736725672498,0.0008617877960205078,Diabetes,regression
FederatedLearningClassifier,gradient,32.0,0.5777777777777777,1.1164503892262776,Wine,classification
GaussianNB,integrated,32.0,0.9777777777777777,0.03428483009338379,Wine,classification
LinearSVC,bounded,32.0,0.9111111111111111,0.10208829243977864,Wine,classification
LogisticRegression,bounded,32.0,0.9333333333333333,0.00521699587504069,Wine,classification
LogisticRegression,integrated,32.0,0.8222222222222222,0.008629401524861654,Wine,classification
RandomForestClassifier,bounded,32.0,0.9333333333333333,0.03172675768534342,Wine,classification
FederatedLearningClassifier,gradient,32.0,0.958041958041958,3.920839309692383,Cancer,classification
GaussianNB,integrated,32.0,0.9440559440559441,0.0586857795715332,Cancer,classification
LinearSVC,bounded,32.0,0.6363636363636364,0.27760831514994305,Cancer,classification
LogisticRegression,bounded,32.0,0.6363636363636364,0.0056438446044921875,Cancer,classification
LogisticRegression,integrated,32.0,0.965034965034965,0.012881994247436523,Cancer,classification
RandomForestClassifier,bounded,32.0,0.8811188811188811,0.05848193168640137,Cancer,classification
FederatedLearningRegressor,gradient,32.0,0.3885810441815587,3.2695887883504233,Housing,regression
LinearRegression,integrated,32.0,0.7080626947014635,0.004621028900146484,Housing,regression
LinearSVR,bounded,32.0,0.3820765297956503,0.09747248888015747,Housing,regression
RandomForestRegressor,bounded,32.0,0.09433158170908175,0.5971097350120544,Housing,regression
SGDRegressor,bounded,32.0,0.2201005976001108,0.0010785102844238282,Housing,regression
FederatedLearningRegressor,gradient,32.0,0.22244297331284368,2.7997856934865317,Diabetes,regression
LinearRegression,integrated,32.0,0.48801380874326805,0.0022568702697753906,Diabetes,regression
LinearSVR,bounded,32.0,0.19555933138194892,0.04354047775268555,Diabetes,regression
RandomForestRegressor,bounded,32.0,0.04254250716430019,0.3715890049934387,Diabetes,regression
SGDRegressor,bounded,32.0,0.11752381055814265,0.0007376670837402344,Diabetes,regression
FederatedLearningClassifier,gradient,64.0,0.6,1.1256217161814372,Wine,classification
GaussianNB,integrated,64.0,0.9777777777777777,0.030330181121826172,Wine,classification
LinearSVC,bounded,64.0,0.9777777777777777,0.052116950352986656,Wine,classification
LogisticRegression,bounded,64.0,1.0,0.005645434061686198,Wine,classification
LogisticRegression,integrated,64.0,0.9555555555555556,0.011179765065511068,Wine,classification
RandomForestClassifier,bounded,64.0,0.9777777777777777,0.02833835283915202,Wine,classification
FederatedLearningClassifier,gradient,64.0,0.965034965034965,3.758296092351278,Cancer,classification
GaussianNB,integrated,64.0,0.9020979020979021,0.06507277488708496,Cancer,classification
LinearSVC,bounded,64.0,0.8811188811188811,0.25029826164245605,Cancer,classification
LogisticRegression,bounded,64.0,0.8951048951048951,0.00503079096476237,Cancer,classification
LogisticRegression,integrated,64.0,0.9370629370629371,0.011790037155151367,Cancer,classification
RandomForestClassifier,bounded,64.0,0.9440559440559441,0.06184697151184082,Cancer,classification
FederatedLearningRegressor,gradient,64.0,0.34977805913955984,3.251508633295695,Housing,regression
LinearRegression,integrated,64.0,0.7109256030431319,0.003257274627685547,Housing,regression
LinearSVR,bounded,64.0,0.46119993522806535,0.09227055311203003,Housing,regression
RandomForestRegressor,bounded,64.0,0.5541509472248981,0.5366687774658203,Housing,regression
SGDRegressor,bounded,64.0,0.3818388561778442,0.001020669937133789,Housing,regression
FederatedLearningRegressor,gradient,64.0,0.2504429523010271,2.7975324789683023,Diabetes,regression
LinearRegression,integrated,64.0,0.47217523351972446,0.002947092056274414,Diabetes,regression
LinearSVR,bounded,64.0,0.44460625822147903,0.03462094068527222,Diabetes,regression
RandomForestRegressor,bounded,64.0,0.35862890280150583,0.3833787441253662,Diabetes,regression
SGDRegressor,bounded,64.0,0.3113842836706121,0.0008498191833496094,Diabetes,regression
FederatedLearningClassifier,gradient,16.0,0.4,1.136983315149943,Wine,classification
GaussianNB,integrated,16.0,0.9333333333333333,0.03454089164733887,Wine,classification
LinearSVC,bounded,16.0,0.9111111111111111,0.12871328989664713,Wine,classification
LogisticRegression,bounded,16.0,0.7333333333333333,0.005172014236450195,Wine,classification
LogisticRegression,integrated,16.0,0.7555555555555555,0.005869388580322266,Wine,classification
RandomForestClassifier,bounded,16.0,0.6444444444444445,0.03093584378560384,Wine,classification
FederatedLearningClassifier,gradient,16.0,0.9370629370629371,3.652747631072998,Cancer,classification
GaussianNB,integrated,16.0,0.6573426573426573,0.05607199668884277,Cancer,classification
LinearSVC,bounded,16.0,0.6643356643356644,0.29372525215148926,Cancer,classification
LogisticRegression,bounded,16.0,0.6433566433566433,0.006293773651123047,Cancer,classification
LogisticRegression,integrated,16.0,0.9300699300699301,0.01003281275431315,Cancer,classification
RandomForestClassifier,bounded,16.0,0.6923076923076923,0.06292955080668132,Cancer,classification
FederatedLearningRegressor,gradient,16.0,0.11914853187268913,3.130138953526815,Housing,regression
LinearRegression,integrated,16.0,0.6822849161389005,0.002476215362548828,Housing,regression
LinearSVR,bounded,16.0,0.2268560445992519,0.11516296863555908,Housing,regression
RandomForestRegressor,bounded,16.0,-0.03233380870430147,0.571668803691864,Housing,regression
SGDRegressor,bounded,16.0,-0.025462952190826064,0.0012709140777587891,Housing,regression
FederatedLearningRegressor,gradient,16.0,0.13278946101573286,3.154125372568766,Diabetes,regression
LinearRegression,integrated,16.0,0.5509490940013182,0.0022079944610595703,Diabetes,regression
LinearSVR,bounded,16.0,0.28309370242934684,0.049012959003448486,Diabetes,regression
RandomForestRegressor,bounded,16.0,0.07223532507939567,0.3896521329879761,Diabetes,regression
SGDRegressor,bounded,16.0,0.07785670666638,0.0009100914001464843,Diabetes,regression
FederatedLearningClassifier,gradient,32.0,0.7111111111111111,1.540169636408488,Wine,classification
GaussianNB,integrated,32.0,0.9555555555555556,0.06488966941833496,Wine,classification
LinearSVC,bounded,32.0,0.9555555555555556,0.19910669326782227,Wine,classification
LogisticRegression,bounded,32.0,0.9333333333333333,0.009511311848958334,Wine,classification
LogisticRegression,integrated,32.0,0.9111111111111111,0.017619609832763672,Wine,classification
RandomForestClassifier,bounded,32.0,0.9111111111111111,0.05893770853678385,Wine,classification
FederatedLearningClassifier,gradient,32.0,0.9230769230769231,3.628595987955729,Cancer,classification
GaussianNB,integrated,32.0,0.951048951048951,0.05657815933227539,Cancer,classification
LinearSVC,bounded,32.0,0.8041958041958042,0.2863750457763672,Cancer,classification
LogisticRegression,bounded,32.0,0.7762237762237763,0.006135781606038411,Cancer,classification
LogisticRegression,integrated,32.0,0.965034965034965,0.011916319529215494,Cancer,classification
RandomForestClassifier,bounded,32.0,0.8741258741258742,0.06388028462727864,Cancer,classification
FederatedLearningRegressor,gradient,32.0,0.298881584864481,3.15740974744161,Housing,regression
LinearRegression,integrated,32.0,0.6144420540987015,0.0026810169219970703,Housing,regression
LinearSVR,bounded,32.0,0.4034145511686329,0.10259228944778442,Housing,regression
RandomForestRegressor,bounded,32.0,0.09740677406496767,0.5643035769462585,Housing,regression
SGDRegressor,bounded,32.0,0.30256603259563264,0.0009379863739013671,Housing,regression
FederatedLearningRegressor,gradient,32.0,0.17907708749681872,2.7904814879099527,Diabetes,regression
LinearRegression,integrated,32.0,0.5714914600508236,0.0032761096954345703,Diabetes,regression
LinearSVR,bounded,32.0,0.39988160564600406,0.04542344808578491,Diabetes,regression
RandomForestRegressor,bounded,32.0,0.08167705489892008,0.4125783443450928,Diabetes,regression
SGDRegressor,bounded,32.0,0.17891115087997878,0.0007384777069091797,Diabetes,regression
FederatedLearningClassifier,gradient,64.0,0.6666666666666666,1.1285897095998128,Wine,classification
GaussianNB,integrated,64.0,0.9333333333333333,0.0331881046295166,Wine,classification
LinearSVC,bounded,64.0,0.9555555555555556,0.04381807645161947,Wine,classification
LogisticRegression,bounded,64.0,0.9555555555555556,0.005297660827636719,Wine,classification
LogisticRegression,integrated,64.0,0.9333333333333333,0.011204004287719727,Wine,classification
RandomForestClassifier,bounded,64.0,0.9777777777777777,0.03034067153930664,Wine,classification
FederatedLearningClassifier,gradient,64.0,0.958041958041958,3.594192107518514,Cancer,classification
GaussianNB,integrated,64.0,0.9300699300699301,0.05377316474914551,Cancer,classification
LinearSVC,bounded,64.0,0.8601398601398601,0.25387803713480633,Cancer,classification
LogisticRegression,bounded,64.0,0.8601398601398601,0.0065356095631917315,Cancer,classification
LogisticRegression,integrated,64.0,0.958041958041958,0.011002302169799805,Cancer,classification
RandomForestClassifier,bounded,64.0,0.9020979020979021,0.05916659037272135,Cancer,classification
FederatedLearningRegressor,gradient,64.0,0.24619801847391456,3.2092502117156982,Housing,regression
LinearRegression,integrated,64.0,0.7001983280995179,0.0025217533111572266,Housing,regression
LinearSVR,bounded,64.0,0.3576428179151241,0.08564072847366333,Housing,regression
RandomForestRegressor,bounded,64.0,0.2835685057533843,0.5065882802009583,Housing,regression
SGDRegressor,bounded,64.0,0.29345274351085493,0.0008806705474853516,Housing,regression
FederatedLearningRegressor,gradient,64.0,0.27837475591412175,2.753247340520223,Diabetes,regression
LinearRegression,integrated,64.0,0.47195600048746233,0.0023288726806640625,Diabetes,regression
LinearSVR,bounded,64.0,0.35078646110211753,0.03855222463607788,Diabetes,regression
RandomForestRegressor,bounded,64.0,0.3903508705065286,0.37409448623657227,Diabetes,regression
SGDRegressor,bounded,64.0,0.2739602499276105,0.0008584022521972656,Diabetes,regression
FederatedLearningClassifier,gradient,16.0,0.4888888888888889,1.1074917316436768,Wine,classification
GaussianNB,integrated,16.0,0.9111111111111111,0.028453826904296875,Wine,classification
LinearSVC,bounded,16.0,0.4222222222222222,0.13470236460367838,Wine,classification
LogisticRegression,bounded,16.0,0.4888888888888889,0.005052725474039714,Wine,classification
LogisticRegression,integrated,16.0,0.8222222222222222,0.007300615310668945,Wine,classification
RandomForestClassifier,bounded,16.0,0.6,0.033086140950520836,Wine,classification
FederatedLearningClassifier,gradient,16.0,0.9230769230769231,3.661980628967285,Cancer,classification
GaussianNB,integrated,16.0,0.9300699300699301,0.05819511413574219,Cancer,classification
LinearSVC,bounded,16.0,0.6573426573426573,0.2963447570800781,Cancer,classification
LogisticRegression,bounded,16.0,0.6643356643356644,0.006943623224894206,Cancer,classification
LogisticRegression,integrated,16.0,0.958041958041958,0.0075842539469401045,Cancer,classification
RandomForestClassifier,bounded,16.0,0.6573426573426573,0.06592265764872234,Cancer,classification
FederatedLearningRegressor,gradient,16.0,0.1119669472402446,3.1348752975463867,Housing,regression
LinearRegression,integrated,16.0,0.6674884823408285,0.002460002899169922,Housing,regression
LinearSVR,bounded,16.0,0.13427611621951974,0.10301989316940308,Housing,regression
RandomForestRegressor,bounded,16.0,-0.07772148816274904,0.5760087966918945,Housing,regression
SGDRegressor,bounded,16.0,0.0898792714807678,0.0009636402130126954,Housing,regression
FederatedLearningRegressor,gradient,16.0,0.12440045913350029,2.705608050028483,Diabetes,regression
LinearRegression,integrated,16.0,0.4736805876450894,0.0021669864654541016,Diabetes,regression
LinearSVR,bounded,16.0,0.0840673514485134,0.050051093101501465,Diabetes,regression
RandomForestRegressor,bounded,16.0,0.0529551248615342,0.3876703977584839,Diabetes,regression
SGDRegressor,bounded,16.0,0.08848244826435137,0.0007527351379394531,Diabetes,regression
FederatedLearningClassifier,gradient,32.0,0.6666666666666666,1.133970022201538,Wine,classification
GaussianNB,integrated,32.0,0.9333333333333333,0.03369903564453125,Wine,classification
LinearSVC,bounded,32.0,0.9555555555555556,0.11351402600606282,Wine,classification
LogisticRegression,bounded,32.0,0.8444444444444444,0.005652427673339844,Wine,classification
LogisticRegression,integrated,32.0,0.9333333333333333,0.009825309117635092,Wine,classification
RandomForestClassifier,bounded,32.0,0.8666666666666667,0.0333402156829834,Wine,classification
FederatedLearningClassifier,gradient,32.0,0.9230769230769231,3.4040443897247314,Cancer,classification
GaussianNB,integrated,32.0,0.9020979020979021,0.059645891189575195,Cancer,classification
LinearSVC,bounded,32.0,0.7762237762237763,0.27083277702331543,Cancer,classification
LogisticRegression,bounded,32.0,0.7482517482517482,0.006270249684651692,Cancer,classification
LogisticRegression,integrated,32.0,0.951048951048951,0.01136628786722819,Cancer,classification
RandomForestClassifier,bounded,32.0,0.8741258741258742,0.05620002746582031,Cancer,classification
FederatedLearningRegressor,gradient,32.0,0.18978349533203334,3.1643029848734536,Housing,regression
LinearRegression,integrated,32.0,0.751739073835087,0.0026979446411132812,Housing,regression
LinearSVR,bounded,32.0,0.24459719807383695,0.09140181541442871,Housing,regression
RandomForestRegressor,bounded,32.0,-0.10353778053847296,0.5104755163192749,Housing,regression
SGDRegressor,bounded,32.0,0.19368508158511522,0.0009794235229492188,Housing,regression
FederatedLearningRegressor,gradient,32.0,0.20134941249163707,2.6431492964426675,Diabetes,regression
LinearRegression,integrated,32.0,0.5133539158817784,0.002234935760498047,Diabetes,regression
LinearSVR,bounded,32.0,0.22207660356858128,0.04143822193145752,Diabetes,regression
RandomForestRegressor,bounded,32.0,0.003761674629486178,0.40835338830947876,Diabetes,regression
SGDRegressor,bounded,32.0,0.1463741492418461,0.0007899761199951172,Diabetes,regression
FederatedLearningClassifier,gradient,64.0,0.5777777777777777,1.074386755625407,Wine,classification
GaussianNB,integrated,64.0,0.8444444444444444,0.03189897537231445,Wine,classification
LinearSVC,bounded,64.0,0.9777777777777777,0.04330762227376302,Wine,classification
LogisticRegression,bounded,64.0,1.0,0.006726980209350586,Wine,classification
LogisticRegression,integrated,64.0,0.9111111111111111,0.013379732767740885,Wine,classification
RandomForestClassifier,bounded,64.0,0.9333333333333333,0.029213507970174152,Wine,classification
FederatedLearningClassifier,gradient,64.0,0.965034965034965,3.6233970324198403,Cancer,classification
GaussianNB,integrated,64.0,0.951048951048951,0.0565340518951416,Cancer,classification
LinearSVC,bounded,64.0,0.8601398601398601,0.23948931694030762,Cancer,classification
LogisticRegression,bounded,64.0,0.8461538461538461,0.005801280339558919,Cancer,classification
LogisticRegression,integrated,64.0,0.965034965034965,0.013417641321818033,Cancer,classification
RandomForestClassifier,bounded,64.0,0.9370629370629371,0.05804006258646647,Cancer,classification
FederatedLearningRegressor,gradient,64.0,0.2933484691676811,3.033828337987264,Housing,regression
LinearRegression,integrated,64.0,0.6775345225017647,0.002543926239013672,Housing,regression
LinearSVR,bounded,64.0,0.38200644935441885,0.08543896675109863,Housing,regression
RandomForestRegressor,bounded,64.0,0.5128924768536365,0.5096530914306641,Housing,regression
SGDRegressor,bounded,64.0,0.3321396032386412,0.0009035110473632812,Housing,regression
FederatedLearningRegressor,gradient,64.0,0.2782869576222545,2.8588629563649497,Diabetes,regression
LinearRegression,integrated,64.0,0.5185575079798735,0.0022721290588378906,Diabetes,regression
LinearSVR,bounded,64.0,0.4374770642996606,0.03827625513076782,Diabetes,regression
RandomForestRegressor,bounded,64.0,0.38072289576202234,0.3843820095062256,Diabetes,regression
SGDRegressor,bounded,64.0,0.27652633048890474,0.0008459091186523438,Diabetes,regression
FederatedLearningClassifier,gradient,16.0,0.4222222222222222,1.1326930522918701,Wine,classification
GaussianNB,integrated,16.0,0.9111111111111111,0.031072139739990234,Wine,classification
LinearSVC,bounded,16.0,0.4444444444444444,0.13783804575602213,Wine,classification
LogisticRegression,bounded,16.0,0.6222222222222222,0.005263566970825195,Wine,classification
LogisticRegression,integrated,16.0,0.9111111111111111,0.006905794143676758,Wine,classification
RandomForestClassifier,bounded,16.0,0.6444444444444445,0.03457268079121908,Wine,classification
FederatedLearningClassifier,gradient,16.0,0.8741258741258742,3.62055770556132,Cancer,classification
GaussianNB,integrated,16.0,0.9230769230769231,0.05832171440124512,Cancer,classification
LinearSVC,bounded,16.0,0.7692307692307693,0.3062109152475993,Cancer,classification
LogisticRegression,bounded,16.0,0.7902097902097902,0.007069826126098633,Cancer,classification
LogisticRegression,integrated,16.0,0.9230769230769231,0.010081926981608072,Cancer,classification
RandomForestClassifier,bounded,16.0,0.7272727272727273,0.06765413284301758,Cancer,classification
FederatedLearningRegressor,gradient,16.0,0.16658944494036365,3.2221595446268716,Housing,regression
LinearRegression,integrated,16.0,0.6252745563926925,0.002485990524291992,Housing,regression
LinearSVR,bounded,16.0,0.22231372287053475,0.11162352561950684,Housing,regression
RandomForestRegressor,bounded,16.0,0.08625097559979256,0.5880032777786255,Housing,regression
SGDRegressor,bounded,16.0,0.19897340897364402,0.0012667179107666016,Housing,regression
FederatedLearningRegressor,gradient,16.0,0.15375374509188056,2.8713227113087973,Diabetes,regression
LinearRegression,integrated,16.0,0.4509528224755876,0.002229928970336914,Diabetes,regression
LinearSVR,bounded,16.0,0.17781222913820982,0.05435556173324585,Diabetes,regression
RandomForestRegressor,bounded,16.0,0.03395938034996915,0.42119884490966797,Diabetes,regression
SGDRegressor,bounded,16.0,0.07471838094513072,0.0009372711181640625,Diabetes,regression
FederatedLearningClassifier,gradient,32.0,0.8888888888888888,1.184179703394572,Wine,classification
GaussianNB,integrated,32.0,1.0,0.03787112236022949,Wine,classification
LinearSVC,bounded,32.0,0.8888888888888888,0.11344591776529948,Wine,classification
LogisticRegression,bounded,32.0,0.9777777777777777,0.0050659974416097,Wine,classification
LogisticRegression,integrated,32.0,1.0,0.011871337890625,Wine,classification
RandomForestClassifier,bounded,32.0,0.9555555555555556,0.03775684038798014,Wine,classification
FederatedLearningClassifier,gradient,32.0,0.9300699300699301,3.7756003538767495,Cancer,classification
GaussianNB,integrated,32.0,0.9300699300699301,0.06471490859985352,Cancer,classification
LinearSVC,bounded,32.0,0.6363636363636364,0.302249272664388,Cancer,classification
LogisticRegression,bounded,32.0,0.6293706293706294,0.006972074508666992,Cancer,classification
LogisticRegression,integrated,32.0,0.9370629370629371,0.014611323674519857,Cancer,classification
RandomForestClassifier,bounded,32.0,0.7692307692307693,0.061933040618896484,Cancer,classification
FederatedLearningRegressor,gradient,32.0,0.011534776123761081,3.2301597595214844,Housing,regression
LinearRegression,integrated,32.0,0.4168504547986271,0.002465963363647461,Housing,regression
LinearSVR,bounded,32.0,0.2678374908011155,0.12248551845550537,Housing,regression
RandomForestRegressor,bounded,32.0,-0.03116958138183956,0.5862118601799011,Housing,regression
SGDRegressor,bounded,32.0,0.18109654812953135,0.0011314868927001954,Housing,regression
FederatedLearningRegressor,gradient,32.0,0.13678907741958557,2.800178289413452,Diabetes,regression
LinearRegression,integrated,32.0,0.41639488003451647,0.0022649765014648438,Diabetes,regression
LinearSVR,bounded,32.0,0.20315394532388054,0.04647022485733032,Diabetes,regression
RandomForestRegressor,bounded,32.0,-0.013985983921995127,0.3933214545249939,Diabetes,regression
SGDRegressor,bounded,32.0,0.13865328525934273,0.0007460117340087891,Diabetes,regression
FederatedLearningClassifier,gradient,64.0,0.8,1.1148006121317546,Wine,classification
GaussianNB,integrated,64.0,0.8888888888888888,0.03050994873046875,Wine,classification
LinearSVC,bounded,64.0,1.0,0.044548352559407554,Wine,classification
LogisticRegression,bounded,64.0,0.9333333333333333,0.008421738942464193,Wine,classification
LogisticRegression,integrated,64.0,0.9111111111111111,0.012132962544759115,Wine,classification
RandomForestClassifier,bounded,64.0,1.0,0.02959434191385905,Wine,classification
FederatedLearningClassifier,gradient,64.0,0.951048951048951,3.7078920205434165,Cancer,classification
GaussianNB,integrated,64.0,0.6083916083916084,0.05481982231140137,Cancer,classification
LinearSVC,bounded,64.0,0.9020979020979021,0.23587751388549805,Cancer,classification
LogisticRegression,bounded,64.0,0.9090909090909091,0.006314595540364583,Cancer,classification
LogisticRegression,integrated,64.0,0.9790209790209791,0.011409123738606771,Cancer,classification
RandomForestClassifier,bounded,64.0,0.9020979020979021,0.05584446589152018,Cancer,classification
FederatedLearningRegressor,gradient,64.0,0.3991023899481616,3.2962416807810464,Housing,regression
LinearRegression,integrated,64.0,0.6297769543620193,0.002541780471801758,Housing,regression
LinearSVR,bounded,64.0,0.505773375264805,0.08928078413009644,Housing,regression
RandomForestRegressor,bounded,64.0,0.45604811884136864,0.5508483052253723,Housing,regression
SGDRegressor,bounded,64.0,0.35267657243560857,0.0009501457214355468,Housing,regression
FederatedLearningRegressor,gradient,64.0,0.20776258571069614,2.8679891427357993,Diabetes,regression
LinearRegression,integrated,64.0,0.4808239383111894,0.002413034439086914,Diabetes,regression
LinearSVR,bounded,64.0,0.3965085842581837,0.03952699899673462,Diabetes,regression
RandomForestRegressor,bounded,64.0,0.38392482075155554,0.3786664605140686,Diabetes,regression
SGDRegressor,bounded,64.0,0.28858377594845097,0.00107269287109375,Diabetes,regression
FederatedLearningClassifier,gradient,16.0,0.5555555555555556,1.1437303225199382,Wine,classification
GaussianNB,integrated,16.0,0.8444444444444444,0.03249096870422363,Wine,classification
LinearSVC,bounded,16.0,0.4444444444444444,0.1404420534769694,Wine,classification
LogisticRegression,bounded,16.0,0.5777777777777777,0.00584864616394043,Wine,classification
LogisticRegression,integrated,16.0,0.8,0.00643618901570638,Wine,classification
RandomForestClassifier,bounded,16.0,0.5777777777777777,0.03393403689066569,Wine,classification
FederatedLearningClassifier,gradient,16.0,0.9090909090909091,3.7910590171813965,Cancer,classification
GaussianNB,integrated,16.0,0.9440559440559441,0.05804181098937988,Cancer,classification
LinearSVC,bounded,16.0,0.6573426573426573,0.29883066813151044,Cancer,classification
LogisticRegression,bounded,16.0,0.6503496503496503,0.00643467903137207,Cancer,classification
LogisticRegression,integrated,16.0,0.8951048951048951,0.011067708333333334,Cancer,classification
RandomForestClassifier,bounded,16.0,0.6013986013986014,0.06380112965901692,Cancer,classification
FederatedLearningRegressor,gradient,16.0,0.04409921182017107,3.2169503370920816,Housing,regression
LinearRegression,integrated,16.0,0.6171670459608314,0.0025658607482910156,Housing,regression
LinearSVR,bounded,16.0,0.3142715597920763,0.11237800121307373,Housing,regression
RandomForestRegressor,bounded,16.0,-0.048197685560066095,0.5986162424087524,Housing,regression
SGDRegressor,bounded,16.0,0.12722476385706305,0.0012163639068603516,Housing,regression
FederatedLearningRegressor,gradient,16.0,0.19106353073512353,2.880630095799764,Diabetes,regression
LinearRegression,integrated,16.0,0.39535084875321685,0.0023479461669921875,Diabetes,regression
LinearSVR,bounded,16.0,0.058058489812651264,0.05472785234451294,Diabetes,regression
RandomForestRegressor,bounded,16.0,0.010667852181089565,0.4127480387687683,Diabetes,regression
SGDRegressor,bounded,16.0,0.10569952565310649,0.0009137630462646484,Diabetes,regression
FederatedLearningClassifier,gradient,32.0,0.4888888888888889,1.1712605158487956,Wine,classification
GaussianNB,integrated,32.0,0.9555555555555556,0.03170299530029297,Wine,classification
LinearSVC,bounded,32.0,0.9555555555555556,0.10668396949768066,Wine,classification
LogisticRegression,bounded,32.0,0.9333333333333333,0.005461057027180989,Wine,classification
LogisticRegression,integrated,32.0,0.8888888888888888,0.008829037348429361,Wine,classification
RandomForestClassifier,bounded,32.0,0.9333333333333333,0.03358896573384603,Wine,classification
FederatedLearningClassifier,gradient,32.0,0.9370629370629371,3.9063008626302085,Cancer,classification
GaussianNB,integrated,32.0,0.9020979020979021,0.058379173278808594,Cancer,classification
LinearSVC,bounded,32.0,0.6013986013986014,0.29924798011779785,Cancer,classification
LogisticRegression,bounded,32.0,0.6433566433566433,0.007803678512573242,Cancer,classification
LogisticRegression,integrated,32.0,0.951048951048951,0.011952718098958334,Cancer,classification
RandomForestClassifier,bounded,32.0,0.6433566433566433,0.0632646878560384,Cancer,classification
FederatedLearningRegressor,gradient,32.0,0.27934862528669235,3.0891594092051187,Housing,regression
LinearRegression,integrated,32.0,0.7460643883049423,0.002516031265258789,Housing,regression
LinearSVR,bounded,32.0,0.3915156666096531,0.12269479036331177,Housing,regression
RandomForestRegressor,bounded,32.0,0.23965950225903265,0.5852190852165222,Housing,regression
SGDRegressor,bounded,32.0,0.40135408815005646,0.0010951995849609376,Housing,regression
FederatedLearningRegressor,gradient,32.0,0.26351715369908546,2.7358429431915283,Diabetes,regression
LinearRegression,integrated,32.0,0.5946866592048377,0.002440929412841797,Diabetes,regression
LinearSVR,bounded,32.0,0.24978843227344216,0.04738837480545044,Diabetes,regression
RandomForestRegressor,bounded,32.0,0.06194369003206069,0.41204774379730225,Diabetes,regression
SGDRegressor,bounded,32.0,0.1463106685644826,0.0008461475372314453,Diabetes,regression
FederatedLearningClassifier,gradient,64.0,0.8666666666666667,1.0923630396525066,Wine,classification
GaussianNB,integrated,64.0,1.0,0.030544042587280273,Wine,classification
LinearSVC,bounded,64.0,1.0,0.06425801912943523,Wine,classification
LogisticRegression,bounded,64.0,1.0,0.005008697509765625,Wine,classification
LogisticRegression,integrated,64.0,0.9777777777777777,0.013036568959554037,Wine,classification
RandomForestClassifier,bounded,64.0,1.0,0.030067920684814453,Wine,classification
FederatedLearningClassifier,gradient,64.0,0.9300699300699301,3.6484720706939697,Cancer,classification
GaussianNB,integrated,64.0,0.8461538461538461,0.05385708808898926,Cancer,classification
LinearSVC,bounded,64.0,0.8881118881118881,0.25104626019795734,Cancer,classification
LogisticRegression,bounded,64.0,0.9020979020979021,0.0061410268147786455,Cancer,classification
LogisticRegression,integrated,64.0,0.9440559440559441,0.011626243591308594,Cancer,classification
RandomForestClassifier,bounded,64.0,0.9090909090909091,0.059561729431152344,Cancer,classification
FederatedLearningRegressor,gradient,64.0,0.3528401895910913,3.1352579593658447,Housing,regression
LinearRegression,integrated,64.0,0.6990464592781648,0.00269317626953125,Housing,regression
LinearSVR,bounded,64.0,0.42852436504974845,0.09287792444229126,Housing,regression
RandomForestRegressor,bounded,64.0,0.5385115017532764,0.5474168062210083,Housing,regression
SGDRegressor,bounded,64.0,0.34878929979673623,0.0008928775787353516,Housing,regression
FederatedLearningRegressor,gradient,64.0,0.27431617377638073,2.5816519260406494,Diabetes,regression
LinearRegression,integrated,64.0,0.5186086053489944,0.002298116683959961,Diabetes,regression
LinearSVR,bounded,64.0,0.42607547975649274,0.03562349081039429,Diabetes,regression
RandomForestRegressor,bounded,64.0,0.47070172579921044,0.35198938846588135,Diabetes,regression
SGDRegressor,bounded,64.0,0.2878283275587068,0.0007776737213134766,Diabetes,regression
